{"IcoMoonType":"selection","icons":[{"icon":{"paths":["M475.802 663.040l36.198 36.198 289.638-289.638-72.397-72.397-217.242 217.19-217.242-217.19-72.397 72.397z"],"attrs":[{}],"isMulticolor":false,"isMulticolor2":false,"tags":["cheveron-down"],"grid":20},"attrs":[{}],"properties":{"order":1,"id":0,"prevSize":20,"code":59648,"name":"cheveron-down"},"setIdx":0,"setId":2,"iconIdx":0}],"height":1024,"metadata":{"name":"icomoon"},"preferences":{"showGlyphs":true,"showQuickUse":true,"showQuickUse2":true,"showSVGs":true,"fontPref":{"prefix":"icon-","metadata":{"fontFamily":"icomoon"},"metrics":{"emSize":1024,"baseline":6.25,"whitespace":50},"embed":false},"imagePref":{"prefix":"icon-","png":true,"useClassSelector":true,"color":0,"bgColor":16777215,"classSelector":".icon","name":"icomoon"},"historySize":50,"showCodes":true,"gridSize":16}}